model,Top-1,Top-3,DBA,GFLOPs,escalated_%,avg_modalities
confidence threshold (DBA-matched),0.47333333333333333,,0.8953333333333332,42.975981000000004,89.0,1.8900000000000001
learned gate (classify) (DBA-matched),0.47,,0.8935555555555555,46.325684,96.0,1.96
learned gate (regress_gain) (DBA-matched),0.47,,0.8935555555555555,47.761271,99.0,1.99
GPS + Camera,0.4699999988079071,0.8333333134651184,0.8935555418332418,48.2398,,2.0
GPS + Radar + Camera,0.4099999964237213,0.8166666626930237,0.8813333312670389,71.4196,,3.0
GPS + Radar + Camera + LiDAR,0.4566666781902313,0.8199999928474426,0.8804444273312887,94.0856,,4.0
GPS + Camera + LiDAR,0.38333332538604736,0.7733333110809326,0.8653333385785421,70.9058,,3.0
learned gate (regress_gain) @25% escalated,0.4266666666666667,,0.8442222222222223,12.350125000000002,25.0,1.25
confidence threshold @25% escalated,0.38666666666666666,,0.8428888888888889,12.350125000000002,25.0,1.25
learned gate (classify) @25% escalated,0.37,,0.8097777777777778,12.350125000000002,25.0,1.25
GPS + Radar + LiDAR,0.3799999952316284,0.6766666769981384,0.799999992052714,46.2328,,3.0
GPS + Radar,0.3700000047683716,0.6899999976158142,0.7899999817212423,23.5668,,2.0
GPS + LiDAR,0.34333333373069763,0.6466666460037231,0.7833333214124044,23.053,,2.0
GPS,0.3466666638851166,0.6866666674613953,0.7635555466016134,0.3869,,1.0
