gate,escalated_frac,Top-1,DBA,GFLOPs
confidence threshold,0.0,0.3466666666666667,0.7635555555555555,0.3869
confidence threshold,0.01,0.35,0.7682222222222223,0.865429
confidence threshold,0.02,0.3466666666666667,0.7726666666666667,1.3439580000000002
confidence threshold,0.03,0.35,0.7768888888888889,1.8224870000000002
confidence threshold,0.04,0.35,0.7784444444444444,2.301016
confidence threshold,0.05,0.3466666666666667,0.7797777777777778,2.7795450000000006
confidence threshold,0.06,0.3466666666666667,0.7855555555555555,3.2580740000000006
confidence threshold,0.07,0.35,0.7895555555555555,3.7366030000000006
confidence threshold,0.08,0.3466666666666667,0.7915555555555555,4.2151320000000005
confidence threshold,0.09,0.35333333333333333,0.7968888888888889,4.6936610000000005
confidence threshold,0.1,0.35333333333333333,0.8044444444444445,5.1721900000000005
confidence threshold,0.11,0.35333333333333333,0.8104444444444444,5.6507190000000005
confidence threshold,0.12,0.3566666666666667,0.8177777777777779,6.1292480000000005
confidence threshold,0.13,0.36333333333333334,0.8233333333333334,6.6077770000000005
confidence threshold,0.14,0.37333333333333335,0.8275555555555555,7.086306000000001
confidence threshold,0.15,0.37666666666666665,0.833111111111111,7.564835
confidence threshold,0.16,0.38,0.8373333333333334,8.043364
confidence threshold,0.17,0.38,0.8404444444444445,8.521893000000002
confidence threshold,0.18,0.38,0.8411111111111111,9.000422000000002
confidence threshold,0.19,0.38,0.8371111111111111,9.478951000000002
confidence threshold,0.2,0.38666666666666666,0.8397777777777778,9.957480000000002
confidence threshold,0.21,0.38666666666666666,0.8402222222222222,10.436009000000002
confidence threshold,0.22,0.38666666666666666,0.8388888888888889,10.914538000000002
confidence threshold,0.23,0.39,0.8428888888888889,11.393067000000002
confidence threshold,0.24,0.38666666666666666,0.8426666666666667,11.871596000000002
confidence threshold,0.25,0.38666666666666666,0.8428888888888889,12.350125000000002
confidence threshold,0.26,0.38666666666666666,0.8431111111111113,12.828654000000002
confidence threshold,0.27,0.38666666666666666,0.8435555555555556,13.307183000000004
confidence threshold,0.28,0.38666666666666666,0.844,13.785712000000004
confidence threshold,0.29,0.38333333333333336,0.846,14.264241000000002
confidence threshold,0.3,0.38666666666666666,0.847111111111111,14.742770000000002
confidence threshold,0.31,0.39,0.8477777777777777,15.221299000000002
confidence threshold,0.32,0.3933333333333333,0.8495555555555555,15.699828000000002
confidence threshold,0.33,0.4,0.8506666666666667,16.178357000000002
confidence threshold,0.34,0.4066666666666667,0.8531111111111112,16.656886000000004
confidence threshold,0.35000000000000003,0.41333333333333333,0.8548888888888888,17.135415000000005
confidence threshold,0.36,0.4166666666666667,0.8562222222222222,17.613944000000004
confidence threshold,0.37,0.4166666666666667,0.8555555555555556,18.092473000000002
confidence threshold,0.38,0.4166666666666667,0.8551111111111112,18.571002000000004
confidence threshold,0.39,0.42333333333333334,0.8575555555555555,19.049531
confidence threshold,0.4,0.4266666666666667,0.8575555555555555,19.528060000000004
confidence threshold,0.41000000000000003,0.42333333333333334,0.8584444444444446,20.006589000000005
confidence threshold,0.42,0.4266666666666667,0.8602222222222224,20.485118000000003
confidence threshold,0.43,0.42,0.8595555555555556,20.963647
confidence threshold,0.44,0.42333333333333334,0.8604444444444445,21.442176000000003
confidence threshold,0.45,0.4166666666666667,0.8604444444444445,21.920705000000005
confidence threshold,0.46,0.4166666666666667,0.8606666666666668,22.399234000000003
confidence threshold,0.47000000000000003,0.42,0.8640000000000001,22.877763000000005
confidence threshold,0.48,0.42333333333333334,0.8646666666666666,23.356292000000003
confidence threshold,0.49,0.42,0.8633333333333333,23.834821
confidence threshold,0.5,0.42333333333333334,0.8635555555555555,24.313350000000003
confidence threshold,0.51,0.42,0.8626666666666667,24.791879000000005
confidence threshold,0.52,0.42,0.8637777777777778,25.270408000000003
confidence threshold,0.53,0.4166666666666667,0.8637777777777778,25.748937000000005
confidence threshold,0.54,0.42333333333333334,0.8675555555555555,26.227466000000007
confidence threshold,0.55,0.42333333333333334,0.8675555555555555,26.705995000000005
confidence threshold,0.56,0.42333333333333334,0.8684444444444444,27.184524000000007
confidence threshold,0.5700000000000001,0.42333333333333334,0.8713333333333333,27.663053000000005
confidence threshold,0.58,0.42333333333333334,0.8711111111111113,28.141582000000003
confidence threshold,0.59,0.42,0.8713333333333334,28.620111
confidence threshold,0.6,0.42333333333333334,0.8735555555555555,29.098640000000003
confidence threshold,0.61,0.42333333333333334,0.8735555555555555,29.577169000000005
confidence threshold,0.62,0.42,0.8711111111111113,30.055698000000003
confidence threshold,0.63,0.4266666666666667,0.8722222222222221,30.534227000000005
confidence threshold,0.64,0.42333333333333334,0.8733333333333333,31.012756000000003
confidence threshold,0.65,0.42333333333333334,0.8733333333333333,31.491285000000005
confidence threshold,0.66,0.42,0.8724444444444445,31.969814000000007
confidence threshold,0.67,0.4266666666666667,0.8742222222222221,32.448343
confidence threshold,0.68,0.43333333333333335,0.8786666666666667,32.926872
confidence threshold,0.6900000000000001,0.44,0.8811111111111111,33.405401000000005
confidence threshold,0.7000000000000001,0.44,0.8820000000000001,33.88393000000001
confidence threshold,0.71,0.43666666666666665,0.8817777777777777,34.362459
confidence threshold,0.72,0.44333333333333336,0.8822222222222221,34.840988
confidence threshold,0.73,0.44666666666666666,0.8824444444444445,35.319517
confidence threshold,0.74,0.4533333333333333,0.882888888888889,35.798046
confidence threshold,0.75,0.4533333333333333,0.8853333333333334,36.276575
confidence threshold,0.76,0.4533333333333333,0.8868888888888888,36.755104
confidence threshold,0.77,0.45666666666666667,0.8875555555555555,37.233633000000005
confidence threshold,0.78,0.4533333333333333,0.8873333333333335,37.712162
confidence threshold,0.79,0.45666666666666667,0.8873333333333333,38.190691
confidence threshold,0.8,0.45666666666666667,0.8873333333333333,38.66922
confidence threshold,0.81,0.4633333333333333,0.8875555555555555,39.147749000000005
confidence threshold,0.8200000000000001,0.47,0.8877777777777779,39.626278000000006
confidence threshold,0.8300000000000001,0.47,0.8879999999999999,40.10480700000001
confidence threshold,0.84,0.47,0.8879999999999999,40.583336
confidence threshold,0.85,0.47,0.8879999999999999,41.061865
confidence threshold,0.86,0.47,0.8879999999999999,41.540394
confidence threshold,0.87,0.47,0.8879999999999999,42.018923
confidence threshold,0.88,0.47,0.8879999999999999,42.497452
confidence threshold,0.89,0.47333333333333333,0.8953333333333332,42.975981000000004
confidence threshold,0.9,0.47333333333333333,0.8935555555555555,43.454510000000006
confidence threshold,0.91,0.47333333333333333,0.8935555555555555,43.933039
confidence threshold,0.92,0.47,0.8920000000000001,44.411568
confidence threshold,0.93,0.47,0.8920000000000001,44.890097000000004
confidence threshold,0.9400000000000001,0.47,0.8924444444444445,45.368626000000006
confidence threshold,0.9500000000000001,0.47,0.8926666666666665,45.84715500000001
confidence threshold,0.96,0.47,0.8937777777777778,46.325684
confidence threshold,0.97,0.47,0.8937777777777778,46.804213000000004
confidence threshold,0.98,0.47,0.8937777777777778,47.282742
confidence threshold,0.99,0.47,0.8933333333333333,47.761271
confidence threshold,1.0,0.47,0.8935555555555555,48.2398
learned gate (classify),0.0,0.3466666666666667,0.7635555555555555,0.3869
learned gate (classify),0.01,0.3466666666666667,0.7706666666666666,0.865429
learned gate (classify),0.02,0.35,0.7755555555555556,1.3439580000000002
learned gate (classify),0.03,0.35,0.7793333333333333,1.8224870000000002
learned gate (classify),0.04,0.35333333333333333,0.7824444444444444,2.301016
learned gate (classify),0.05,0.35333333333333333,0.7864444444444445,2.7795450000000006
learned gate (classify),0.06,0.3566666666666667,0.7886666666666667,3.2580740000000006
learned gate (classify),0.07,0.35333333333333333,0.7877777777777777,3.7366030000000006
learned gate (classify),0.08,0.35333333333333333,0.7893333333333333,4.2151320000000005
learned gate (classify),0.09,0.3566666666666667,0.7906666666666667,4.6936610000000005
learned gate (classify),0.1,0.35333333333333333,0.7893333333333333,5.1721900000000005
learned gate (classify),0.11,0.36,0.7924444444444445,5.6507190000000005
learned gate (classify),0.12,0.36666666666666664,0.794888888888889,6.1292480000000005
learned gate (classify),0.13,0.37,0.798888888888889,6.6077770000000005
learned gate (classify),0.14,0.37,0.8004444444444444,7.086306000000001
learned gate (classify),0.15,0.37666666666666665,0.8031111111111111,7.564835
learned gate (classify),0.16,0.37333333333333335,0.8026666666666668,8.043364
learned gate (classify),0.17,0.37666666666666665,0.8039999999999999,8.521893000000002
learned gate (classify),0.18,0.37666666666666665,0.8044444444444444,9.000422000000002
learned gate (classify),0.19,0.37333333333333335,0.8042222222222222,9.478951000000002
learned gate (classify),0.2,0.37333333333333335,0.8037777777777777,9.957480000000002
learned gate (classify),0.21,0.37666666666666665,0.804888888888889,10.436009000000002
learned gate (classify),0.22,0.37333333333333335,0.8073333333333333,10.914538000000002
learned gate (classify),0.23,0.37,0.8068888888888889,11.393067000000002
learned gate (classify),0.24,0.36666666666666664,0.8062222222222222,11.871596000000002
learned gate (classify),0.25,0.37,0.8097777777777778,12.350125000000002
learned gate (classify),0.26,0.37666666666666665,0.8086666666666665,12.828654000000002
learned gate (classify),0.27,0.37333333333333335,0.8079999999999999,13.307183000000004
learned gate (classify),0.28,0.37333333333333335,0.8088888888888889,13.785712000000004
learned gate (classify),0.29,0.37333333333333335,0.8113333333333334,14.264241000000002
learned gate (classify),0.3,0.37333333333333335,0.8122222222222223,14.742770000000002
learned gate (classify),0.31,0.37666666666666665,0.8126666666666668,15.221299000000002
learned gate (classify),0.32,0.38,0.8128888888888889,15.699828000000002
learned gate (classify),0.33,0.38666666666666666,0.8144444444444444,16.178357000000002
learned gate (classify),0.34,0.38666666666666666,0.8162222222222223,16.656886000000004
learned gate (classify),0.35000000000000003,0.39,0.8173333333333332,17.135415000000005
learned gate (classify),0.36,0.38666666666666666,0.8177777777777777,17.613944000000004
learned gate (classify),0.37,0.38666666666666666,0.8177777777777777,18.092473000000002
learned gate (classify),0.38,0.38666666666666666,0.8184444444444443,18.571002000000004
learned gate (classify),0.39,0.3933333333333333,0.8208888888888888,19.049531
learned gate (classify),0.4,0.4,0.824,19.528060000000004
learned gate (classify),0.41000000000000003,0.4,0.824,20.006589000000005
learned gate (classify),0.42,0.4,0.8242222222222222,20.485118000000003
learned gate (classify),0.43,0.4,0.8242222222222222,20.963647
learned gate (classify),0.44,0.4,0.8255555555555555,21.442176000000003
learned gate (classify),0.45,0.4,0.8268888888888889,21.920705000000005
learned gate (classify),0.46,0.4033333333333333,0.8288888888888888,22.399234000000003
learned gate (classify),0.47000000000000003,0.4033333333333333,0.8319999999999999,22.877763000000005
learned gate (classify),0.48,0.4066666666666667,0.8326666666666666,23.356292000000003
learned gate (classify),0.49,0.41,0.8366666666666667,23.834821
learned gate (classify),0.5,0.41,0.8357777777777778,24.313350000000003
learned gate (classify),0.51,0.4166666666666667,0.8368888888888889,24.791879000000005
learned gate (classify),0.52,0.42,0.8411111111111111,25.270408000000003
learned gate (classify),0.53,0.42333333333333334,0.8444444444444444,25.748937000000005
learned gate (classify),0.54,0.4266666666666667,0.8460000000000001,26.227466000000007
learned gate (classify),0.55,0.4266666666666667,0.8457777777777777,26.705995000000005
learned gate (classify),0.56,0.43,0.849111111111111,27.184524000000007
learned gate (classify),0.5700000000000001,0.43333333333333335,0.8515555555555555,27.663053000000005
learned gate (classify),0.58,0.43333333333333335,0.8533333333333334,28.141582000000003
learned gate (classify),0.59,0.44,0.8542222222222222,28.620111
learned gate (classify),0.6,0.43666666666666665,0.854,29.098640000000003
learned gate (classify),0.61,0.43666666666666665,0.8528888888888889,29.577169000000005
learned gate (classify),0.62,0.44,0.8562222222222222,30.055698000000003
learned gate (classify),0.63,0.44333333333333336,0.8595555555555556,30.534227000000005
learned gate (classify),0.64,0.44333333333333336,0.8608888888888888,31.012756000000003
learned gate (classify),0.65,0.44666666666666666,0.8608888888888888,31.491285000000005
learned gate (classify),0.66,0.44333333333333336,0.8615555555555556,31.969814000000007
learned gate (classify),0.67,0.44333333333333336,0.8637777777777778,32.448343
learned gate (classify),0.68,0.44666666666666666,0.8646666666666666,32.926872
learned gate (classify),0.6900000000000001,0.45,0.8679999999999999,33.405401000000005
learned gate (classify),0.7000000000000001,0.45,0.8682222222222223,33.88393000000001
learned gate (classify),0.71,0.4533333333333333,0.8697777777777778,34.362459
learned gate (classify),0.72,0.4533333333333333,0.8695555555555555,34.840988
learned gate (classify),0.73,0.4533333333333333,0.8695555555555555,35.319517
learned gate (classify),0.74,0.4533333333333333,0.8695555555555555,35.798046
learned gate (classify),0.75,0.4533333333333333,0.8695555555555555,36.276575
learned gate (classify),0.76,0.45666666666666667,0.87,36.755104
learned gate (classify),0.77,0.46,0.8735555555555555,37.233633000000005
learned gate (classify),0.78,0.46,0.8748888888888889,37.712162
learned gate (classify),0.79,0.4633333333333333,0.8791111111111112,38.190691
learned gate (classify),0.8,0.4633333333333333,0.8782222222222223,38.66922
learned gate (classify),0.81,0.4633333333333333,0.8808888888888888,39.147749000000005
learned gate (classify),0.8200000000000001,0.46,0.8835555555555555,39.626278000000006
learned gate (classify),0.8300000000000001,0.46,0.8835555555555555,40.10480700000001
learned gate (classify),0.84,0.4533333333333333,0.8811111111111113,40.583336
learned gate (classify),0.85,0.4533333333333333,0.8837777777777778,41.061865
learned gate (classify),0.86,0.4533333333333333,0.8846666666666666,41.540394
learned gate (classify),0.87,0.45666666666666667,0.8888888888888887,42.018923
learned gate (classify),0.88,0.45666666666666667,0.8888888888888887,42.497452
learned gate (classify),0.89,0.45666666666666667,0.8884444444444444,42.975981000000004
learned gate (classify),0.9,0.4633333333333333,0.8886666666666667,43.454510000000006
learned gate (classify),0.91,0.4633333333333333,0.8886666666666667,43.933039
learned gate (classify),0.92,0.4633333333333333,0.8886666666666667,44.411568
learned gate (classify),0.93,0.4633333333333333,0.8886666666666667,44.890097000000004
learned gate (classify),0.9400000000000001,0.4666666666666667,0.8893333333333334,45.368626000000006
learned gate (classify),0.9500000000000001,0.4666666666666667,0.8908888888888888,45.84715500000001
learned gate (classify),0.96,0.47,0.8935555555555555,46.325684
learned gate (classify),0.97,0.47,0.8933333333333333,46.804213000000004
learned gate (classify),0.98,0.47,0.8933333333333333,47.282742
learned gate (classify),0.99,0.47,0.8933333333333333,47.761271
learned gate (classify),1.0,0.47,0.8935555555555555,48.2398
learned gate (regress_gain),0.0,0.3466666666666667,0.7635555555555555,0.3869
learned gate (regress_gain),0.01,0.3466666666666667,0.7715555555555554,0.865429
learned gate (regress_gain),0.02,0.35,0.7806666666666666,1.3439580000000002
learned gate (regress_gain),0.03,0.35,0.7877777777777777,1.8224870000000002
learned gate (regress_gain),0.04,0.35,0.7919999999999999,2.301016
learned gate (regress_gain),0.05,0.3566666666666667,0.8,2.7795450000000006
learned gate (regress_gain),0.06,0.36,0.8,3.2580740000000006
learned gate (regress_gain),0.07,0.36333333333333334,0.8031111111111111,3.7366030000000006
learned gate (regress_gain),0.08,0.37333333333333335,0.8117777777777778,4.2151320000000005
learned gate (regress_gain),0.09,0.37333333333333335,0.8195555555555556,4.6936610000000005
learned gate (regress_gain),0.1,0.38333333333333336,0.8271111111111111,5.1721900000000005
learned gate (regress_gain),0.11,0.38666666666666666,0.8273333333333333,5.6507190000000005
learned gate (regress_gain),0.12,0.38666666666666666,0.8282222222222222,6.1292480000000005
learned gate (regress_gain),0.13,0.39,0.8311111111111111,6.6077770000000005
learned gate (regress_gain),0.14,0.3933333333333333,0.8324444444444444,7.086306000000001
learned gate (regress_gain),0.15,0.39666666666666667,0.8317777777777777,7.564835
learned gate (regress_gain),0.16,0.39666666666666667,0.8317777777777777,8.043364
learned gate (regress_gain),0.17,0.39666666666666667,0.8315555555555555,8.521893000000002
learned gate (regress_gain),0.18,0.4033333333333333,0.8377777777777777,9.000422000000002
learned gate (regress_gain),0.19,0.41,0.8395555555555555,9.478951000000002
learned gate (regress_gain),0.2,0.4166666666666667,0.8420000000000001,9.957480000000002
learned gate (regress_gain),0.21,0.4166666666666667,0.8411111111111111,10.436009000000002
learned gate (regress_gain),0.22,0.42,0.8415555555555556,10.914538000000002
learned gate (regress_gain),0.23,0.42333333333333334,0.842,11.393067000000002
learned gate (regress_gain),0.24,0.4266666666666667,0.8442222222222223,11.871596000000002
learned gate (regress_gain),0.25,0.4266666666666667,0.8442222222222223,12.350125000000002
learned gate (regress_gain),0.26,0.42333333333333334,0.8437777777777777,12.828654000000002
learned gate (regress_gain),0.27,0.42,0.8437777777777777,13.307183000000004
learned gate (regress_gain),0.28,0.42,0.8466666666666667,13.785712000000004
learned gate (regress_gain),0.29,0.42,0.8466666666666667,14.264241000000002
learned gate (regress_gain),0.3,0.4266666666666667,0.85,14.742770000000002
learned gate (regress_gain),0.31,0.4266666666666667,0.8506666666666667,15.221299000000002
learned gate (regress_gain),0.32,0.42,0.8493333333333334,15.699828000000002
learned gate (regress_gain),0.33,0.42,0.8488888888888889,16.178357000000002
learned gate (regress_gain),0.34,0.42,0.8517777777777779,16.656886000000004
learned gate (regress_gain),0.35000000000000003,0.4166666666666667,0.8513333333333335,17.135415000000005
learned gate (regress_gain),0.36,0.41333333333333333,0.8513333333333335,17.613944000000004
learned gate (regress_gain),0.37,0.41333333333333333,0.8526666666666667,18.092473000000002
learned gate (regress_gain),0.38,0.41333333333333333,0.8526666666666667,18.571002000000004
learned gate (regress_gain),0.39,0.42,0.8586666666666667,19.049531
learned gate (regress_gain),0.4,0.4266666666666667,0.8591111111111112,19.528060000000004
learned gate (regress_gain),0.41000000000000003,0.4266666666666667,0.8620000000000001,20.006589000000005
learned gate (regress_gain),0.42,0.43,0.8626666666666667,20.485118000000003
learned gate (regress_gain),0.43,0.43,0.8631111111111112,20.963647
learned gate (regress_gain),0.44,0.43,0.8628888888888889,21.442176000000003
learned gate (regress_gain),0.45,0.43333333333333335,0.8633333333333333,21.920705000000005
learned gate (regress_gain),0.46,0.43333333333333335,0.864888888888889,22.399234000000003
learned gate (regress_gain),0.47000000000000003,0.43333333333333335,0.8664444444444445,22.877763000000005
learned gate (regress_gain),0.48,0.43333333333333335,0.8657777777777779,23.356292000000003
learned gate (regress_gain),0.49,0.43,0.8664444444444445,23.834821
learned gate (regress_gain),0.5,0.43333333333333335,0.8682222222222221,24.313350000000003
learned gate (regress_gain),0.51,0.43666666666666665,0.8704444444444445,24.791879000000005
learned gate (regress_gain),0.52,0.43333333333333335,0.8706666666666666,25.270408000000003
learned gate (regress_gain),0.53,0.43333333333333335,0.8733333333333333,25.748937000000005
learned gate (regress_gain),0.54,0.4266666666666667,0.8711111111111111,26.227466000000007
learned gate (regress_gain),0.55,0.42333333333333334,0.8735555555555553,26.705995000000005
learned gate (regress_gain),0.56,0.42,0.8735555555555555,27.184524000000007
learned gate (regress_gain),0.5700000000000001,0.42333333333333334,0.8762222222222222,27.663053000000005
learned gate (regress_gain),0.58,0.42333333333333334,0.8762222222222222,28.141582000000003
learned gate (regress_gain),0.59,0.43,0.8804444444444445,28.620111
learned gate (regress_gain),0.6,0.43333333333333335,0.8806666666666666,29.098640000000003
learned gate (regress_gain),0.61,0.43,0.8806666666666666,29.577169000000005
learned gate (regress_gain),0.62,0.4266666666666667,0.8815555555555556,30.055698000000003
learned gate (regress_gain),0.63,0.4266666666666667,0.8826666666666665,30.534227000000005
learned gate (regress_gain),0.64,0.4266666666666667,0.8819999999999999,31.012756000000003
learned gate (regress_gain),0.65,0.43,0.8822222222222221,31.491285000000005
learned gate (regress_gain),0.66,0.43,0.879111111111111,31.969814000000007
learned gate (regress_gain),0.67,0.43333333333333335,0.8797777777777775,32.448343
learned gate (regress_gain),0.68,0.43666666666666665,0.8822222222222221,32.926872
learned gate (regress_gain),0.6900000000000001,0.43333333333333335,0.8806666666666666,33.405401000000005
learned gate (regress_gain),0.7000000000000001,0.43666666666666665,0.8822222222222221,33.88393000000001
learned gate (regress_gain),0.71,0.43333333333333335,0.8820000000000001,34.362459
learned gate (regress_gain),0.72,0.43333333333333335,0.8820000000000001,34.840988
learned gate (regress_gain),0.73,0.43,0.8795555555555555,35.319517
learned gate (regress_gain),0.74,0.43666666666666665,0.880222222222222,35.798046
learned gate (regress_gain),0.75,0.43666666666666665,0.8793333333333332,36.276575
learned gate (regress_gain),0.76,0.43666666666666665,0.8811111111111111,36.755104
learned gate (regress_gain),0.77,0.43666666666666665,0.8811111111111111,37.233633000000005
learned gate (regress_gain),0.78,0.43666666666666665,0.8817777777777777,37.712162
learned gate (regress_gain),0.79,0.44,0.8822222222222221,38.190691
learned gate (regress_gain),0.8,0.44333333333333336,0.8808888888888888,38.66922
learned gate (regress_gain),0.81,0.44666666666666666,0.8813333333333333,39.147749000000005
learned gate (regress_gain),0.8200000000000001,0.45,0.8817777777777777,39.626278000000006
learned gate (regress_gain),0.8300000000000001,0.45,0.8817777777777777,40.10480700000001
learned gate (regress_gain),0.84,0.45,0.8817777777777777,40.583336
learned gate (regress_gain),0.85,0.45,0.8817777777777777,41.061865
learned gate (regress_gain),0.86,0.4533333333333333,0.883111111111111,41.540394
learned gate (regress_gain),0.87,0.4533333333333333,0.883111111111111,42.018923
learned gate (regress_gain),0.88,0.45666666666666667,0.8835555555555553,42.497452
learned gate (regress_gain),0.89,0.46,0.8833333333333333,42.975981000000004
learned gate (regress_gain),0.9,0.46,0.8833333333333333,43.454510000000006
learned gate (regress_gain),0.91,0.4633333333333333,0.8840000000000001,43.933039
learned gate (regress_gain),0.92,0.4633333333333333,0.8840000000000001,44.411568
learned gate (regress_gain),0.93,0.4633333333333333,0.8855555555555557,44.890097000000004
learned gate (regress_gain),0.9400000000000001,0.4666666666666667,0.8877777777777779,45.368626000000006
learned gate (regress_gain),0.9500000000000001,0.47,0.89,45.84715500000001
learned gate (regress_gain),0.96,0.47,0.8920000000000001,46.325684
learned gate (regress_gain),0.97,0.47,0.8924444444444445,46.804213000000004
learned gate (regress_gain),0.98,0.47,0.8933333333333333,47.282742
learned gate (regress_gain),0.99,0.47,0.8935555555555555,47.761271
learned gate (regress_gain),1.0,0.47,0.8935555555555555,48.2398
ORACLE (upper bound),0.0,0.3466666666666667,0.7635555555555555,0.3869
ORACLE (upper bound),0.01,0.3566666666666667,0.7735555555555556,0.865429
ORACLE (upper bound),0.02,0.36666666666666664,0.7833333333333333,1.3439580000000002
ORACLE (upper bound),0.03,0.37666666666666665,0.7913333333333332,1.8224870000000002
ORACLE (upper bound),0.04,0.38666666666666666,0.7977777777777777,2.301016
ORACLE (upper bound),0.05,0.39666666666666667,0.8037777777777777,2.7795450000000006
ORACLE (upper bound),0.06,0.4066666666666667,0.8088888888888888,3.2580740000000006
ORACLE (upper bound),0.07,0.4166666666666667,0.8133333333333334,3.7366030000000006
ORACLE (upper bound),0.08,0.4266666666666667,0.8173333333333332,4.2151320000000005
ORACLE (upper bound),0.09,0.43666666666666665,0.8206666666666667,4.6936610000000005
ORACLE (upper bound),0.1,0.44666666666666666,0.8235555555555556,5.1721900000000005
ORACLE (upper bound),0.11,0.45666666666666667,0.8257777777777777,5.6507190000000005
ORACLE (upper bound),0.12,0.4666666666666667,0.8277777777777777,6.1292480000000005
ORACLE (upper bound),0.13,0.4766666666666667,0.8297777777777778,6.6077770000000005
ORACLE (upper bound),0.14,0.4866666666666667,0.8313333333333334,7.086306000000001
ORACLE (upper bound),0.15,0.49666666666666665,0.8326666666666667,7.564835
ORACLE (upper bound),0.16,0.5066666666666667,0.8340000000000001,8.043364
ORACLE (upper bound),0.17,0.5166666666666667,0.834888888888889,8.521893000000002
ORACLE (upper bound),0.18,0.5266666666666666,0.8355555555555556,9.000422000000002
ORACLE (upper bound),0.19,0.5366666666666666,0.8362222222222222,9.478951000000002
ORACLE (upper bound),0.2,0.5466666666666666,0.8368888888888889,9.957480000000002
ORACLE (upper bound),0.21,0.5566666666666666,0.8375555555555556,10.436009000000002
ORACLE (upper bound),0.22,0.5666666666666667,0.8382222222222222,10.914538000000002
ORACLE (upper bound),0.23,0.57,0.8446666666666667,11.393067000000002
ORACLE (upper bound),0.24,0.57,0.8537777777777777,11.871596000000002
ORACLE (upper bound),0.25,0.57,0.8620000000000001,12.350125000000002
ORACLE (upper bound),0.26,0.57,0.87,12.828654000000002
ORACLE (upper bound),0.27,0.57,0.8775555555555555,13.307183000000004
ORACLE (upper bound),0.28,0.57,0.8844444444444444,13.785712000000004
ORACLE (upper bound),0.29,0.57,0.89,14.264241000000002
ORACLE (upper bound),0.3,0.57,0.8946666666666666,14.742770000000002
ORACLE (upper bound),0.31,0.57,0.8993333333333333,15.221299000000002
ORACLE (upper bound),0.32,0.57,0.9033333333333333,15.699828000000002
ORACLE (upper bound),0.33,0.57,0.9071111111111111,16.178357000000002
ORACLE (upper bound),0.34,0.57,0.9104444444444444,16.656886000000004
ORACLE (upper bound),0.35000000000000003,0.57,0.9133333333333333,17.135415000000005
ORACLE (upper bound),0.36,0.57,0.9153333333333334,17.613944000000004
ORACLE (upper bound),0.37,0.57,0.9173333333333334,18.092473000000002
ORACLE (upper bound),0.38,0.57,0.9188888888888888,18.571002000000004
ORACLE (upper bound),0.39,0.57,0.9202222222222222,19.049531
ORACLE (upper bound),0.4,0.57,0.9215555555555555,19.528060000000004
ORACLE (upper bound),0.41000000000000003,0.57,0.9224444444444445,20.006589000000005
ORACLE (upper bound),0.42,0.57,0.9231111111111111,20.485118000000003
ORACLE (upper bound),0.43,0.57,0.9237777777777777,20.963647
ORACLE (upper bound),0.44,0.57,0.9244444444444444,21.442176000000003
ORACLE (upper bound),0.45,0.57,0.925111111111111,21.920705000000005
ORACLE (upper bound),0.46,0.57,0.9253333333333335,22.399234000000003
ORACLE (upper bound),0.47000000000000003,0.57,0.9253333333333335,22.877763000000005
ORACLE (upper bound),0.48,0.57,0.9253333333333335,23.356292000000003
ORACLE (upper bound),0.49,0.57,0.9253333333333335,23.834821
ORACLE (upper bound),0.5,0.57,0.9253333333333335,24.313350000000003
ORACLE (upper bound),0.51,0.57,0.9253333333333335,24.791879000000005
ORACLE (upper bound),0.52,0.57,0.9253333333333335,25.270408000000003
ORACLE (upper bound),0.53,0.57,0.9253333333333335,25.748937000000005
ORACLE (upper bound),0.54,0.57,0.9253333333333335,26.227466000000007
ORACLE (upper bound),0.55,0.57,0.9253333333333335,26.705995000000005
ORACLE (upper bound),0.56,0.57,0.9253333333333335,27.184524000000007
ORACLE (upper bound),0.5700000000000001,0.57,0.9253333333333335,27.663053000000005
ORACLE (upper bound),0.58,0.57,0.9253333333333335,28.141582000000003
ORACLE (upper bound),0.59,0.57,0.9253333333333335,28.620111
ORACLE (upper bound),0.6,0.57,0.9253333333333335,29.098640000000003
ORACLE (upper bound),0.61,0.57,0.9253333333333335,29.577169000000005
ORACLE (upper bound),0.62,0.57,0.9253333333333335,30.055698000000003
ORACLE (upper bound),0.63,0.57,0.9253333333333335,30.534227000000005
ORACLE (upper bound),0.64,0.57,0.9253333333333335,31.012756000000003
ORACLE (upper bound),0.65,0.57,0.9253333333333335,31.491285000000005
ORACLE (upper bound),0.66,0.57,0.9253333333333335,31.969814000000007
ORACLE (upper bound),0.67,0.57,0.9253333333333335,32.448343
ORACLE (upper bound),0.68,0.57,0.9253333333333335,32.926872
ORACLE (upper bound),0.6900000000000001,0.57,0.9253333333333335,33.405401000000005
ORACLE (upper bound),0.7000000000000001,0.57,0.9253333333333335,33.88393000000001
ORACLE (upper bound),0.71,0.57,0.9253333333333335,34.362459
ORACLE (upper bound),0.72,0.57,0.9253333333333335,34.840988
ORACLE (upper bound),0.73,0.57,0.9253333333333335,35.319517
ORACLE (upper bound),0.74,0.57,0.9253333333333335,35.798046
ORACLE (upper bound),0.75,0.57,0.9253333333333335,36.276575
ORACLE (upper bound),0.76,0.57,0.9253333333333335,36.755104
ORACLE (upper bound),0.77,0.57,0.9253333333333335,37.233633000000005
ORACLE (upper bound),0.78,0.57,0.9253333333333335,37.712162
ORACLE (upper bound),0.79,0.57,0.9253333333333335,38.190691
ORACLE (upper bound),0.8,0.57,0.9253333333333335,38.66922
ORACLE (upper bound),0.81,0.57,0.9253333333333335,39.147749000000005
ORACLE (upper bound),0.8200000000000001,0.57,0.9253333333333335,39.626278000000006
ORACLE (upper bound),0.8300000000000001,0.57,0.9246666666666666,40.10480700000001
ORACLE (upper bound),0.84,0.57,0.9239999999999999,40.583336
ORACLE (upper bound),0.85,0.57,0.9233333333333333,41.061865
ORACLE (upper bound),0.86,0.57,0.9226666666666667,41.540394
ORACLE (upper bound),0.87,0.56,0.922,42.018923
ORACLE (upper bound),0.88,0.55,0.9213333333333334,42.497452
ORACLE (upper bound),0.89,0.5433333333333333,0.9206666666666669,42.975981000000004
ORACLE (upper bound),0.9,0.5333333333333333,0.92,43.454510000000006
ORACLE (upper bound),0.91,0.5233333333333333,0.919111111111111,43.933039
ORACLE (upper bound),0.92,0.52,0.9177777777777777,44.411568
ORACLE (upper bound),0.93,0.5133333333333333,0.9164444444444445,44.890097000000004
ORACLE (upper bound),0.9400000000000001,0.5033333333333333,0.9151111111111112,45.368626000000006
ORACLE (upper bound),0.9500000000000001,0.5,0.9135555555555558,45.84715500000001
ORACLE (upper bound),0.96,0.49666666666666665,0.9113333333333332,46.325684
ORACLE (upper bound),0.97,0.49,0.9086666666666667,46.804213000000004
ORACLE (upper bound),0.98,0.48333333333333334,0.9055555555555554,47.282742
ORACLE (upper bound),0.99,0.4766666666666667,0.9011111111111111,47.761271
ORACLE (upper bound),1.0,0.47,0.8935555555555555,48.2398
