sample_id,scenario,top1_beam,top1_conf,top2_beam,top2_conf,top3_beam,top3_conf,top4_beam,top4_conf,top5_beam,top5_conf,true_beam,correct_top1
adaptation/scenario33/372,scenario33,22,0.269317,21,0.13449,23,0.121307,20,0.057813,24,0.050866,22,1
adaptation/scenario33/1735,scenario33,37,0.205353,38,0.176702,36,0.111443,39,0.104721,35,0.053339,37,1
adaptation/scenario31/6467,scenario31,38,0.040265,39,0.037223,37,0.034278,34,0.030781,36,0.029314,47,0
adaptation/scenario33/3435,scenario33,15,0.058399,14,0.054691,16,0.052785,13,0.049838,17,0.043348,13,0
adaptation/scenario33/3607,scenario33,22,0.052888,21,0.049261,23,0.046558,20,0.033443,24,0.032064,22,1
adaptation/scenario31/3999,scenario31,29,0.085165,28,0.072512,30,0.059854,27,0.050213,26,0.032645,42,0
adaptation/scenario31/5335,scenario31,29,0.033341,28,0.030436,3,0.029428,13,0.02892,15,0.027684,41,0
adaptation/scenario33/953,scenario33,12,0.133569,11,0.122938,13,0.115886,14,0.078437,10,0.07759,14,0
adaptation/scenario32/1775,scenario32,20,0.237844,19,0.156105,21,0.118928,18,0.085872,22,0.051578,20,1
adaptation/scenario32/884,scenario32,14,0.070043,15,0.068184,16,0.061123,13,0.054178,17,0.045367,15,0
adaptation/scenario33/3403,scenario33,21,0.053224,22,0.050812,20,0.040533,23,0.035496,17,0.034516,22,0
adaptation/scenario31/3940,scenario31,29,0.05413,28,0.048732,30,0.043674,27,0.039042,26,0.029413,10,0
adaptation/scenario32/25,scenario32,4,0.047711,5,0.046321,3,0.042934,6,0.039291,2,0.032684,6,0
adaptation/scenario32/381,scenario32,23,0.148074,24,0.126773,25,0.100181,22,0.087204,26,0.075222,23,1
adaptation/scenario32/3192,scenario32,20,0.217171,21,0.147062,19,0.140214,22,0.074895,18,0.06879,20,1
adaptation/scenario31/1157,scenario31,30,0.043138,29,0.040626,28,0.040415,31,0.038616,33,0.037193,47,0
adaptation/scenario31/2227,scenario31,13,0.061427,14,0.056631,15,0.051108,12,0.043581,16,0.037845,38,0
adaptation/scenario31/6453,scenario31,29,0.147257,28,0.139085,27,0.096762,30,0.083877,26,0.061562,43,0
adaptation/scenario33/488,scenario33,16,0.179776,17,0.172603,18,0.093893,15,0.093263,19,0.045676,17,0
adaptation/scenario31/4326,scenario31,39,0.044032,43,0.042046,41,0.040778,42,0.038168,38,0.037284,51,0
adaptation/scenario31/7745,scenario31,29,0.057885,28,0.047222,30,0.046151,27,0.03346,31,0.031159,44,0
adaptation/scenario32/3222,scenario32,37,0.2071,38,0.169158,36,0.119856,39,0.092496,35,0.057992,37,1
adaptation/scenario33/3946,scenario33,11,0.174119,10,0.167174,12,0.098591,9,0.087552,13,0.050051,10,0
adaptation/scenario32/1977,scenario32,17,0.234241,16,0.185374,18,0.104957,15,0.085113,19,0.040768,17,1
adaptation/scenario31/569,scenario31,29,0.032543,3,0.029754,16,0.028414,15,0.028117,28,0.028071,27,0
adaptation/scenario31/7826,scenario31,13,0.056206,14,0.052475,15,0.047683,12,0.042752,16,0.03613,38,0
adaptation/scenario33/1057,scenario33,16,0.190984,17,0.158073,15,0.105455,18,0.084842,14,0.053266,14,0
adaptation/scenario31/2609,scenario31,29,0.065751,28,0.051057,30,0.050084,27,0.033454,31,0.029918,37,0
adaptation/scenario31/4200,scenario31,16,0.036007,17,0.035116,15,0.035036,14,0.033159,13,0.032374,16,1
adaptation/scenario31/7006,scenario31,29,0.033348,3,0.029996,28,0.028614,16,0.027162,2,0.027049,10,0
adaptation/scenario32/2306,scenario32,17,0.232086,16,0.174068,18,0.108059,15,0.082774,19,0.043981,17,1
adaptation/scenario33/1866,scenario33,17,0.08573,16,0.080182,18,0.075825,19,0.055888,15,0.055569,13,0
adaptation/scenario32/3446,scenario32,17,0.213265,16,0.189394,18,0.100945,15,0.090083,14,0.04078,16,0
adaptation/scenario33/481,scenario33,16,0.197248,17,0.159002,15,0.108419,18,0.082868,14,0.054546,16,1
adaptation/scenario33/1017,scenario33,7,0.1418,6,0.114668,8,0.108418,5,0.062733,9,0.060358,10,0
adaptation/scenario31/1091,scenario31,29,0.035434,28,0.031373,30,0.028434,15,0.027724,16,0.027308,16,0
adaptation/scenario31/3425,scenario31,29,0.068022,28,0.053168,30,0.051945,27,0.034519,31,0.030813,33,0
adaptation/scenario32/1918,scenario32,17,0.249887,16,0.181886,18,0.112303,15,0.07837,19,0.046268,17,1
adaptation/scenario31/3968,scenario31,29,0.049025,28,0.041532,30,0.038614,27,0.034694,3,0.031598,22,0
adaptation/scenario31/4525,scenario31,29,0.037405,28,0.030618,30,0.030171,14,0.026893,15,0.026889,9,0
adaptation/scenario33/4265,scenario33,28,0.173231,27,0.163975,29,0.124875,26,0.114176,25,0.056305,28,1
adaptation/scenario32/2305,scenario32,17,0.236707,16,0.173222,18,0.109147,15,0.081416,19,0.044556,17,1
adaptation/scenario33/2153,scenario33,19,0.119024,20,0.114172,18,0.111316,17,0.098136,16,0.070423,18,0
adaptation/scenario31/4244,scenario31,29,0.046856,28,0.042265,13,0.041574,14,0.035107,12,0.034939,30,0
adaptation/scenario33/1025,scenario33,10,0.127179,9,0.110697,11,0.098622,8,0.097139,7,0.073518,11,0
adaptation/scenario31/1871,scenario31,29,0.052168,28,0.047928,30,0.038505,27,0.035223,15,0.0294,17,0
adaptation/scenario31/6808,scenario31,39,0.050959,38,0.047998,37,0.042404,40,0.037128,36,0.035898,48,0
adaptation/scenario33/211,scenario33,34,0.217595,33,0.155555,35,0.143064,36,0.087778,32,0.066595,34,1
adaptation/scenario31/6485,scenario31,39,0.053244,38,0.049882,37,0.042652,40,0.03857,36,0.035066,48,0
adaptation/scenario33/2715,scenario33,49,0.184199,48,0.158384,50,0.123024,47,0.086104,51,0.083406,49,1
adaptation/scenario31/8368,scenario31,13,0.044175,28,0.041359,29,0.040069,14,0.038026,27,0.037258,29,0
adaptation/scenario32/2462,scenario32,11,0.165459,10,0.130319,12,0.105604,9,0.074631,13,0.058234,11,1
adaptation/scenario31/7961,scenario31,3,0.031952,29,0.031887,28,0.028921,16,0.028506,2,0.028347,40,0
adaptation/scenario31/6429,scenario31,3,0.034473,29,0.030911,2,0.030241,16,0.029107,28,0.028048,34,0
adaptation/scenario32/582,scenario32,26,0.203069,27,0.174855,25,0.102288,28,0.097901,24,0.04958,27,0
adaptation/scenario31/2596,scenario31,29,0.033992,3,0.032845,28,0.03099,2,0.028471,27,0.027669,27,0
adaptation/scenario31/8127,scenario31,3,0.036605,2,0.034909,17,0.027226,16,0.02688,1,0.025873,17,0
adaptation/scenario33/2388,scenario33,22,0.27208,23,0.128538,21,0.123638,20,0.054261,24,0.054204,22,1
adaptation/scenario31/779,scenario31,13,0.039414,14,0.037112,15,0.035313,29,0.031359,16,0.030722,13,1
adaptation/scenario32/1128,scenario32,4,0.082926,3,0.079623,5,0.079499,6,0.069249,2,0.052966,3,0
adaptation/scenario31/5309,scenario31,3,0.034558,2,0.034164,16,0.027615,17,0.027041,4,0.026586,27,0
adaptation/scenario32/1460,scenario32,17,0.195119,16,0.165367,18,0.102948,15,0.082133,19,0.044034,16,0
adaptation/scenario32/3444,scenario32,17,0.221934,16,0.181721,18,0.10508,15,0.085112,19,0.041457,17,1
adaptation/scenario31/3398,scenario31,29,0.043337,28,0.03526,30,0.034138,27,0.027305,3,0.025998,8,0
adaptation/scenario31/3804,scenario31,43,0.038445,39,0.038323,41,0.034716,33,0.034282,38,0.034025,51,0
adaptation/scenario33/4128,scenario33,20,0.197915,19,0.175336,18,0.098637,21,0.095667,17,0.049958,19,0
adaptation/scenario31/6457,scenario31,29,0.071033,28,0.06789,30,0.058858,27,0.05431,31,0.045984,45,0
adaptation/scenario32/133,scenario32,48,0.197506,49,0.161501,47,0.136538,50,0.0797,46,0.067678,46,0
adaptation/scenario31/4228,scenario31,16,0.032157,3,0.030496,17,0.030183,2,0.029483,15,0.028625,17,0
adaptation/scenario33/3681,scenario33,42,0.215053,41,0.165353,43,0.124446,40,0.090351,44,0.056476,43,0
adaptation/scenario32/2622,scenario32,22,0.186272,21,0.131785,23,0.130779,20,0.072194,24,0.063026,22,1
adaptation/scenario31/1122,scenario31,13,0.036917,29,0.035297,14,0.034977,15,0.032437,12,0.032356,39,0
adaptation/scenario32/2686,scenario32,20,0.222342,19,0.165336,21,0.103538,18,0.097709,17,0.054952,17,0
adaptation/scenario32/1173,scenario32,11,0.145122,10,0.117991,12,0.095423,9,0.076954,13,0.055566,8,0
adaptation/scenario31/3942,scenario31,29,0.051836,28,0.045393,30,0.041866,27,0.035796,13,0.028849,8,0
adaptation/scenario33/2046,scenario33,6,0.12943,7,0.106958,5,0.09616,4,0.066711,8,0.061602,6,1
adaptation/scenario31/3453,scenario31,29,0.053246,28,0.044073,30,0.043127,15,0.03581,14,0.035038,43,0
adaptation/scenario32/2426,scenario32,4,0.076642,3,0.073853,5,0.069604,6,0.056952,2,0.049506,2,0
adaptation/scenario33/2836,scenario33,22,0.15362,21,0.1164,23,0.098228,20,0.06349,24,0.044948,22,1
adaptation/scenario31/5825,scenario31,29,0.043326,28,0.037507,30,0.034806,14,0.030632,15,0.030395,42,0
adaptation/scenario31/3468,scenario31,29,0.059267,30,0.053673,28,0.052908,31,0.041271,27,0.040632,45,0
adaptation/scenario31/5051,scenario31,13,0.036887,29,0.034988,14,0.03395,15,0.033193,28,0.033034,10,0
adaptation/scenario31/3093,scenario31,29,0.033712,3,0.033435,2,0.029595,28,0.028297,16,0.027974,21,0
adaptation/scenario31/4329,scenario31,43,0.041295,39,0.040189,41,0.037156,42,0.035711,44,0.034822,51,0
adaptation/scenario31/6720,scenario31,29,0.032067,3,0.031102,2,0.028135,28,0.027972,16,0.02615,6,0
adaptation/scenario32/763,scenario32,22,0.216587,21,0.13732,23,0.107235,20,0.063759,24,0.050056,22,1
adaptation/scenario31/530,scenario31,13,0.051996,14,0.043914,12,0.042083,15,0.037817,16,0.029768,16,0
adaptation/scenario31/1508,scenario31,13,0.055688,14,0.055264,15,0.052639,16,0.041679,12,0.038663,38,0
adaptation/scenario32/11,scenario32,5,0.048315,4,0.046981,6,0.043561,3,0.041122,7,0.032823,4,0
adaptation/scenario33/1626,scenario33,22,0.229831,21,0.167943,23,0.105255,20,0.092286,19,0.044586,22,1
adaptation/scenario31/4272,scenario31,29,0.033622,28,0.03189,30,0.028291,27,0.027763,3,0.027334,42,0
adaptation/scenario31/8480,scenario31,3,0.032254,16,0.031,17,0.030548,15,0.029908,2,0.029104,39,0
adaptation/scenario32/1877,scenario32,17,0.241471,16,0.181497,18,0.110211,15,0.083895,19,0.044144,17,1
adaptation/scenario33/3954,scenario33,11,0.14691,12,0.143765,13,0.116443,10,0.09412,14,0.074912,12,0
adaptation/scenario31/6425,scenario31,29,0.051052,28,0.044361,30,0.038494,27,0.034504,3,0.029445,32,0
adaptation/scenario33/3646,scenario33,38,0.182552,37,0.182266,39,0.12276,36,0.094584,40,0.056546,37,0
adaptation/scenario31/1364,scenario31,13,0.043437,15,0.040995,14,0.040549,16,0.035494,12,0.033143,20,0
adaptation/scenario32/1417,scenario32,19,0.136515,20,0.135565,18,0.116908,17,0.085391,21,0.076057,19,1
adaptation/scenario31/6442,scenario31,15,0.041238,13,0.041075,14,0.039504,16,0.038166,29,0.034407,39,0
adaptation/scenario31/3164,scenario31,38,0.037792,34,0.035555,39,0.035501,33,0.035084,30,0.034834,48,0
